id;full_name;contact_no;email_id;bar_regn_no;address;lawyer_experience;freefield_1;freefield_2;user_type;lawyer_type;is_activated;last_modified_by;last_modified
1;Consultant Data algorithm;withdrawal JBOD Associate;Mews;Malaysia;Cotton generate;orchid;relationships;Unbranded Agent Road;OTHERS;PRIVATELAWYER;true;optimizing;Sausages parsing Account
2;Fall gold;virtual;Health multimedia explicit;migration;Overpass;B2C;Lane Forward;web backing West;USERTYPE;PRIVATELAWYER;true;content Wooden;Organized Guadeloupe
3;Pre-emptive deposit Steel;RAM Roads;Soap;budgetary;Berkshire Knoll target;CSS National Wooden;Brand maroon collaborative;reinvent Extended optical;LAWYERTYPE;CORPORATIONLAWYER;false;Bedfordshire Table;PCI
4;neutral;Cambridgeshire;primary;Credit silver Arizona;virtual invoice Plastic;array digital;SSL supply-chains Avon;hybrid;OTHERS;CORPORATIONLAWYER;true;Chips National;task-force Shoes Ranch
5;Rustic Planner ivory;Marketing hardware compressing;granular;Representative;Trail;override United Unbranded;(Vatican Keyboard primary;open-source;USERTYPE;CORPORATIONLAWYER;false;Music TCP;generate Rubber
6;deposit azure withdrawal;back-end;Steel mission-critical Sports;foreground;Rufiyaa;feed EXE;input Republic;Account;USERTYPE;PRIVATELAWYER;false;Angola Florida generate;hack Silver Health
7;Real;Chad International;Plastic IB;maximized maximize Designer;integrate Corner Shirt;Djibouti North bypass;Cuba;Electronics one-to-one Kroon;LAWYERTYPE;CORPORATIONLAWYER;true;holistic;Account
8;compressing Palau Awesome;Baby parse invoice;Buckinghamshire;Soft Concrete program;driver payment;International Lead Dynamic;system;Nuevo Associate Synchronised;LAWYERTYPE;PRIVATELAWYER;true;Division;tan
9;plug-and-play Markets;overriding;synthesizing;SSL Bike;Optional incubate;Stream Chair;Director;index;USERTYPE;CORPORATIONLAWYER;true;Mississippi;Rand
10;Soft 5th Buckinghamshire;Pound Points;Small;wireless Credit;copy;green;Armenia paradigm Connecticut;Officer maximize;USERTYPE;PRIVATELAWYER;false;Account;Cotton 1080p
